-- phpMyAdmin SQL Dump
-- version 5.2.1
-- https://www.phpmyadmin.net/
--
-- Host: 127.0.0.1
-- Waktu pembuatan: 20 Agu 2024 pada 07.03
-- Versi server: 10.4.28-MariaDB
-- Versi PHP: 8.2.4

SET SQL_MODE = "NO_AUTO_VALUE_ON_ZERO";
START TRANSACTION;
SET time_zone = "+00:00";


/*!40101 SET @OLD_CHARACTER_SET_CLIENT=@@CHARACTER_SET_CLIENT */;
/*!40101 SET @OLD_CHARACTER_SET_RESULTS=@@CHARACTER_SET_RESULTS */;
/*!40101 SET @OLD_COLLATION_CONNECTION=@@COLLATION_CONNECTION */;
/*!40101 SET NAMES utf8mb4 */;

--
-- Database: `perpus-smaneba`
--

-- --------------------------------------------------------

--
-- Struktur dari tabel `daftarhadir`
--

CREATE TABLE `daftarhadir` (
  `id_daftarhadir` bigint(20) UNSIGNED NOT NULL,
  `id_siswa` bigint(20) UNSIGNED NOT NULL,
  `tujuan` varchar(255) NOT NULL,
  `created_at` timestamp NULL DEFAULT NULL,
  `updated_at` timestamp NULL DEFAULT NULL
) ENGINE=InnoDB DEFAULT CHARSET=utf8mb4 COLLATE=utf8mb4_unicode_ci;

--
-- Dumping data untuk tabel `daftarhadir`
--

INSERT INTO `daftarhadir` (`id_daftarhadir`, `id_siswa`, `tujuan`, `created_at`, `updated_at`) VALUES
(1, 82822338, 'Membaca', '2024-08-19 14:39:37', '2024-08-19 14:39:37'),
(2, 88337001, 'Konsultasi', '2024-08-19 23:00:46', '2024-08-19 23:00:46');

-- --------------------------------------------------------

--
-- Struktur dari tabel `failed_jobs`
--

CREATE TABLE `failed_jobs` (
  `id` bigint(20) UNSIGNED NOT NULL,
  `uuid` varchar(255) NOT NULL,
  `connection` text NOT NULL,
  `queue` text NOT NULL,
  `payload` longtext NOT NULL,
  `exception` longtext NOT NULL,
  `failed_at` timestamp NOT NULL DEFAULT current_timestamp()
) ENGINE=InnoDB DEFAULT CHARSET=utf8mb4 COLLATE=utf8mb4_unicode_ci;

-- --------------------------------------------------------

--
-- Struktur dari tabel `kelas`
--

CREATE TABLE `kelas` (
  `id_kelas` bigint(20) UNSIGNED NOT NULL,
  `nama_kelas` varchar(255) NOT NULL
) ENGINE=InnoDB DEFAULT CHARSET=utf8mb4 COLLATE=utf8mb4_unicode_ci;

--
-- Dumping data untuk tabel `kelas`
--

INSERT INTO `kelas` (`id_kelas`, `nama_kelas`) VALUES
(1, 'X-1'),
(2, 'X-2'),
(3, 'X-3'),
(4, 'X-4'),
(5, 'XI-1'),
(6, 'XI-2'),
(7, 'XI-3'),
(8, 'XI-4'),
(9, 'XII-1'),
(10, 'XII-2'),
(11, 'XII-3'),
(12, 'XII-4');

-- --------------------------------------------------------

--
-- Struktur dari tabel `migrations`
--

CREATE TABLE `migrations` (
  `id` int(10) UNSIGNED NOT NULL,
  `migration` varchar(255) NOT NULL,
  `batch` int(11) NOT NULL
) ENGINE=InnoDB DEFAULT CHARSET=utf8mb4 COLLATE=utf8mb4_unicode_ci;

--
-- Dumping data untuk tabel `migrations`
--

INSERT INTO `migrations` (`id`, `migration`, `batch`) VALUES
(1, '2014_10_12_000000_create_users_table', 1),
(2, '2014_10_12_100000_create_password_resets_table', 1),
(3, '2019_08_19_000000_create_failed_jobs_table', 1),
(4, '2019_12_14_000001_create_personal_access_tokens_table', 1),
(5, '2024_08_19_155058_create_kelas_table', 2),
(6, '2024_08_19_155342_create_siswa_table', 3),
(7, '2024_08_19_163401_create_daftarhadir_table', 4);

-- --------------------------------------------------------

--
-- Struktur dari tabel `password_resets`
--

CREATE TABLE `password_resets` (
  `email` varchar(255) NOT NULL,
  `token` varchar(255) NOT NULL,
  `created_at` timestamp NULL DEFAULT NULL
) ENGINE=InnoDB DEFAULT CHARSET=utf8mb4 COLLATE=utf8mb4_unicode_ci;

-- --------------------------------------------------------

--
-- Struktur dari tabel `personal_access_tokens`
--

CREATE TABLE `personal_access_tokens` (
  `id` bigint(20) UNSIGNED NOT NULL,
  `tokenable_type` varchar(255) NOT NULL,
  `tokenable_id` bigint(20) UNSIGNED NOT NULL,
  `name` varchar(255) NOT NULL,
  `token` varchar(64) NOT NULL,
  `abilities` text DEFAULT NULL,
  `last_used_at` timestamp NULL DEFAULT NULL,
  `created_at` timestamp NULL DEFAULT NULL,
  `updated_at` timestamp NULL DEFAULT NULL
) ENGINE=InnoDB DEFAULT CHARSET=utf8mb4 COLLATE=utf8mb4_unicode_ci;

-- --------------------------------------------------------

--
-- Struktur dari tabel `siswa`
--

CREATE TABLE `siswa` (
  `id_siswa` bigint(20) UNSIGNED NOT NULL,
  `id_kelas` bigint(20) UNSIGNED NOT NULL,
  `nama_siswa` varchar(255) NOT NULL
) ENGINE=InnoDB DEFAULT CHARSET=utf8mb4 COLLATE=utf8mb4_unicode_ci;

--
-- Dumping data untuk tabel `siswa`
--

INSERT INTO `siswa` (`id_siswa`, `id_kelas`, `nama_siswa`) VALUES
(11119, 11, 'ASYIFFA RAMADHAN'),
(33174870, 9, 'MUHAMMAD SAMSUL ARIFIN'),
(45115395, 11, 'SENDY TRI PRAYUGO'),
(52669820, 11, 'ALFINA AYUNDA OKTAVIA'),
(55702926, 11, 'SITI LUTFIATUL HASANAH'),
(56872400, 9, 'YESI MARGARETA'),
(61267711, 9, 'ACHMAD FAISHOL A.R'),
(61321816, 10, 'QOMAROTUL LAILI'),
(61787166, 8, 'RAFAEL WILDAN YUANA'),
(62221070, 10, 'VIKI LESTARI'),
(62470720, 10, 'HUSNA AMELIA PUTRI'),
(62576604, 12, 'KELVIN CAHYONO'),
(62740796, 12, 'RAHMAD FAJAR RAMADAN'),
(62763574, 10, 'AVILDA LALFAHIROH'),
(62873323, 12, 'ACHMAD CANDRA PRASETA R'),
(63338358, 9, 'NAHLAL MASYALI'),
(63530404, 12, 'KOIRUL'),
(63758041, 11, 'RENANDA WIJAYA SAPUTRA'),
(63929633, 10, 'MIFTACHUL AMALIYA P.'),
(64027001, 9, 'VANINDA NABILA WIDODO'),
(64134459, 12, 'WAHYU DWI WIDIANTO'),
(64686084, 9, 'DENDI DWI WIJAYA'),
(65046167, 9, 'DINDA AGUSTIN NURAZIZAH'),
(65501219, 11, 'SRI GALINDRA '),
(65648194, 12, 'FIRDAUS ADHI SAPUTRA'),
(66095908, 9, 'ANGGUN PUTRI ANANDA'),
(66138241, 11, 'EFRAN DWI P'),
(66264184, 10, 'VIRDIAN DWI ANGGA'),
(66319827, 11, 'ARIFIN ALDI'),
(66337988, 9, 'NOVITA HANDAYANI'),
(66377607, 11, 'ALDI FIRMANSYACH'),
(66487753, 11, 'DEVANDRA SAPUTRA'),
(66645909, 11, 'AISYAH DYAH AYU AMELYA'),
(67207878, 11, 'WILLY PRAGAS PURWITO'),
(67214408, 10, 'HERTANTI IKA RAMADHANI'),
(67233335, 10, 'PUTRI PRASTIWI KALOGISTIALOVA'),
(67399992, 9, 'JELITA INJIAN PUTRI NATASYA'),
(67848587, 9, 'DESINA ANGGUN ASMIRANDA'),
(68012295, 12, 'ALVIN ZAKARIA'),
(68088442, 12, 'SOPHIE NAFIPAVITRA EARLY'),
(68329048, 12, 'FAREL ARDIANSYAH'),
(68335513, 9, 'INTAN PRAMESWARI NABILA'),
(68392232, 10, 'NURAINI RISMA DHANIA'),
(68521056, 12, 'WAHYU PRATAMA'),
(68965034, 9, 'INEZA INDRIADINI'),
(68989207, 10, 'FAHIROSSI DWI SEPTIANSYAH'),
(69008920, 11, 'DENTA OKTA ADINARTA'),
(69279117, 12, 'BAGAS HARDIYANSYAH'),
(69453942, 12, 'BAGAS DWI MUSTOFA'),
(69580534, 11, 'ANISA NURUL FITRIA'),
(69750027, 12, 'M. NAZRIL IRHAM NURUDDIN ZANQI'),
(69777785, 8, 'FERDIANSYAH PUTRA DIMANTARA'),
(69903954, 11, 'DICKY ANDHIKA PRATAMA'),
(71039902, 5, 'BUNGA CINTA NUR AZIZAH'),
(71155984, 8, 'RYAN MAULANA'),
(71182229, 7, 'PANDU DEWA INDRAWAN'),
(71360828, 10, 'SHEVALINA RAHMADEWI'),
(71406014, 7, 'FAREL CANDRA ADITYA'),
(71493274, 6, 'IMELDA DENADA'),
(71530631, 11, 'ANGGA ADITYA'),
(71579733, 12, 'DETA LULUK FIBRIANTI'),
(71705564, 10, 'AUREL CLARA BELFA SEVILLA'),
(71727508, 5, 'DEFI NUR HAYATI'),
(71756538, 5, 'LU\'LU\' USH SHOFIATI'),
(71827107, 12, 'ABDULLAH FARIZ'),
(71862622, 12, 'SATYA SILLA'),
(71865763, 5, 'EVELYNA PADMA AFANDI'),
(71916250, 6, 'FABIYAN ILMANSYAH FATHUR RABBANI'),
(71957543, 11, 'IBRA MAGALIH'),
(71975336, 7, 'MUHAMAD NABIL RAFI\'UDDIN'),
(72025657, 10, 'MOCH. NABIL NOTAN PRATAMA'),
(72097263, 5, 'HELFINA MEGA AULIANI'),
(72104519, 11, 'GALIH PUTRA IMET HARIANTO'),
(72269775, 10, 'ZAINUR ROHMAH'),
(72287341, 9, 'RISMA WARDANI'),
(72422173, 9, 'NURINA AZZURA QOLBU SYIFA\''),
(72432119, 6, 'HENIN SAPUTRI NOVI'),
(72504800, 8, 'RAYHAN ANDREANSYAH'),
(72554374, 9, 'BIBI AMALIFA PUTRI LOVINA'),
(72589423, 5, 'MUHAMMAD ILYAS SAPUTRA'),
(72596810, 12, 'RADIT BINTANG SINATRIA'),
(72825149, 8, 'RANI TAMARA'),
(72865310, 7, 'REVALITA NOVIA WAHYUDIANA P.'),
(73076561, 10, 'MUTIARA RENATA PUTRI AGUSTIN'),
(73104239, 5, 'BELLA WAHYU ARISTA'),
(73267163, 7, 'GALIH ENGGAR SETYAWAN'),
(73355161, 10, 'TYO HENRY ARDIANSYAH'),
(73556122, 10, 'M. GUFRON'),
(73663187, 7, 'ARIFKI FAUZUN NADHIM'),
(73686616, 7, 'ROI FEBRIAN AKNAN MAULANA'),
(73873345, 12, 'RYAN RAYSSA AKBAR'),
(73962397, 6, 'ULFA FITRI OKTAFIANA'),
(74068468, 10, 'ANNISA MUTIARA PUTRI KUSUMA'),
(74204076, 8, 'MOCH WASILUL ROHMAN'),
(74295072, 10, 'NAIYA NUR ROSIDA'),
(74421823, 10, 'PUTRI YULIA ANANDITA'),
(74470416, 11, 'FIRDATUL JANNAH'),
(74602185, 10, 'ELGI BAGAS PRADINATA'),
(74665122, 7, 'SOFIA SALSABIL'),
(74699974, 8, 'PUTRI LIYA ANGGRAENI'),
(74809855, 7, 'RIYAN ADITIYA FERNALDO'),
(74948027, 9, 'TYA AALIYAH ROSALINA'),
(75008101, 6, 'FINGKA ROBI AWALIA'),
(75011967, 8, 'MUHAMAD RAFI IRMAWAN'),
(75029383, 4, 'MUHAMMAD AUWALI YATUR RIFKI'),
(75036459, 11, 'KISHA GADIS KURNIAWAN'),
(75169702, 9, 'ARSYA MAULANA SARDJONO'),
(75180436, 12, 'ZAHRA DWI NURFADILLAH'),
(75212858, 11, 'ACHMAD KURNIAWAN'),
(75374709, 9, 'GHOFIROTUN NAFISA'),
(75434750, 7, 'NANDA AISYAH FITHROTOEN NAZHA'),
(75444886, 7, 'MUCH IMAM FAUZI'),
(75524726, 7, 'DHIKA CAHYA AGUS WAHYU DWI A.'),
(75592457, 12, 'ADIES AULIYA JATI PURWOAJI'),
(75632515, 10, 'AISYAH ALYA IZZATI'),
(75662108, 6, 'PUTRI SRI WAHYUNI'),
(75776416, 11, 'LEONA LAURA VENTINA'),
(75995809, 12, 'CALISTA EFRILA ISLAMI'),
(76124063, 8, 'YUNUS AMIRULLOH'),
(76165102, 10, 'ILLONA MALVA UNA'),
(76168732, 9, 'ALINDA MAHARANI'),
(76420107, 11, 'SHIVA ADI PUTRI AULIA'),
(76496165, 6, 'AMELLYA'),
(76569226, 8, 'IKA DIAN SAFITRI'),
(76687858, 5, 'KHOIROTUN NISA\''),
(76781221, 9, 'NATASYA DILA AMALIA'),
(76916954, 11, 'YUVI DA\'AN ENDARTO'),
(76962661, 4, 'ALFINA HAMDAH'),
(76997962, 9, 'NUR WANTI'),
(77167727, 8, 'FITRI HARTATI'),
(77180627, 12, 'BILLA FIBRY AMELIA'),
(77200697, 5, 'CHELSEA DYAN AYU LEOGOSTIN'),
(77239860, 11, 'MERY ROSITA HARTA SANTOSA '),
(77365676, 8, 'WILDAN LUTFI SYARIF MAULANA'),
(77566764, 10, 'ANA NAFISATUR ROFI\'AH'),
(77584112, 8, 'ZILDAN ANGGRIANO'),
(77700417, 6, 'DANIS OKVAN KURNIAWAN'),
(77702855, 5, 'FARIS SUBEKTI ADI'),
(77930668, 6, 'AHMAD ZABANI'),
(77939844, 6, 'SITI AISYAH'),
(78100901, 10, 'VALDACLARESTA SEPTI RAHMADANI'),
(78308120, 8, 'SEFRIAN RENDHI PRADITA'),
(78380913, 9, 'EKA LIA REGISTYA'),
(78429056, 12, 'NELIS SYIFA BRILIANA'),
(78472078, 10, 'M. KHOIRUN NIAM'),
(78472079, 12, 'MUHAMMAD FARID'),
(78536553, 8, 'PRAYOGA ADI PUTRA PRATAMA'),
(78554854, 6, 'SANTI'),
(78764098, 7, 'AHMAD RAMADHANI'),
(78793358, 8, 'ANGGA ADI CAHYONO'),
(78809562, 6, 'IRMA DUWI AGUSTIN'),
(78903595, 10, 'APRILLIA LINDA SUSANTI'),
(79098907, 7, 'RISKA PUTRI OKTAVIA'),
(79145438, 7, 'MUALLIFA LAILATUL RAHMADANI'),
(79217238, 9, 'KALIYANA TANTRI DWI LESTARI'),
(79218964, 5, 'TRI AFRILIDO ANDRIYANTO'),
(79232314, 7, 'DINDA YESA AYU TRIWAHYUNI'),
(79285011, 11, 'ERWIN CHANDRA ILHAM MASETA'),
(79288247, 12, 'FIRDA NUR FITRIA'),
(79401349, 12, 'SITI RAMA WATI'),
(79513299, 11, 'SHAHID ABDULLAH. AL.A.'),
(79624991, 5, 'AISYAH RAMADHANI'),
(79788089, 9, 'PRAYOGA FAHRIL AJI PRATAMA'),
(79798938, 11, 'DIMAS ANDREAN'),
(79943108, 7, 'RIMA'),
(79952939, 7, 'MAYADA AULYA AZ ZAHRA'),
(79969414, 6, 'RACHMAD ARDIANSYAH'),
(79984484, 8, 'ZAHROTUN NISA NUR LAILY'),
(81274463, 4, 'RISKIA DWI ANDIANI'),
(81278553, 6, 'FARHAN WAFI RAMADHAN'),
(81345463, 1, 'BINTANG ANGELIA PUTRIANA HANDOYO'),
(81433601, 5, 'ANDI YOGA SETIAWAN'),
(81458299, 6, 'LINTANG BAYU RAHMAT FAJRI'),
(81502060, 5, 'ANGELIKA SALSA BYLA PUTRI'),
(81515805, 3, 'MEYLISA REGINA ANGGRAINY'),
(81553114, 1, 'AHMAD RAFI FABIAN HUTAMA'),
(81694699, 3, 'CAHAYA WULANDARI AHMADA'),
(81858958, 4, 'RENDHA NURHALIZAH'),
(81886916, 3, 'UMAMAH'),
(82127909, 5, 'SALSABILATUS SAFIROH'),
(82185198, 3, 'VITA LAILATUL MIROJ'),
(82221537, 6, 'KA FARIZQI PRATAMA PUTRA'),
(82350595, 8, 'ANGGRAINI PUSPITA SARI'),
(82362879, 1, 'AGISTA AIRAVA KIZHAYA PUTRI'),
(82384060, 3, 'RIFKA IRMAWATI'),
(82642752, 8, 'SYIFA\'UL KHOIR'),
(82777826, 7, 'ALISKA IMROATUS SANIA'),
(82822338, 2, 'WINDA BUNGA WIJAYANTI'),
(83000633, 7, 'YUNIAR SASMITRA'),
(83046802, 1, 'HANGGA REZA DEFIANTO'),
(83227123, 3, 'LAILI FITRIANI'),
(83454992, 3, 'IMELDA AULIA FRANSISKA'),
(83470111, 8, 'HANY CAHYO BAGAS SAPUTRA'),
(83488661, 6, 'GLENN KYRIE ELEISON SEMBODO'),
(83548111, 7, 'ABELIKA FEBRIANTI'),
(83555354, 5, 'MONICA'),
(83769341, 6, 'FILIPPO VICTOR C L'),
(83772731, 1, 'TRIA YUNITA SARI'),
(83827077, 2, 'MILLA ZAHRATUS ZULFA'),
(83982750, 4, 'RIZAL RAHMAD SYAFII'),
(84070980, 2, 'HERMAN SYAH PUTRO'),
(84274948, 5, 'MUHAMMAD KHALID AL-FATIH'),
(84300533, 2, 'PUTRA LUKMANSYAH'),
(84321446, 2, 'PUPUT FEBI AYU MANGGALYLA'),
(84442617, 8, 'CIKA YUAN FAUZIA'),
(84568812, 6, 'NOLA SUHMATUL ULYA'),
(84583337, 6, 'ANDHIKA PUTRA PRATAMA'),
(84697098, 4, 'LUKMAN ERGI FIRMANSYAH'),
(84744012, 7, 'NURIS SHOFIA AZAHRO'),
(84935655, 4, 'MUHAMMAD REHAN MAULANA'),
(85326876, 2, 'ERZA NUR FADILLAH'),
(85365995, 5, 'FIRSANDRA MAULINA JOSZUDA'),
(85381422, 8, 'M.DAFA NUR ROHMAN'),
(85390299, 4, 'SARAH ERNI YUNIATI'),
(85406571, 4, 'NIKMATUL KHOIRIYAH'),
(85572957, 1, 'PURI CALISTHA SOFHIE MUTIARA'),
(85822589, 8, 'DIVA AYU PERMATA'),
(85866670, 2, 'HANUM SAHWA SALSA BELLA'),
(85999621, 4, 'DINDA KHOIROTUN NABILA'),
(86170082, 8, 'BURHAN MIROJ DWI ROLIES'),
(86208275, 5, 'MOHAMMAD ZAINAL ABIDIN ANSORI'),
(86219928, 1, 'ARDITRI ZUROTUL AISAH'),
(86262818, 3, 'NIMATUL IZZATI'),
(86355580, 3, 'JESSICA SEYLA HERLYS AGUSTIN'),
(86414756, 8, 'CERRY NUR RAHMAT'),
(86470882, 2, 'RISKY ROHMAN SYAH'),
(86560805, 6, 'MEILANI ELLA ANGELICHA'),
(86597629, 7, 'GUNTUR LAKSANA ABI KUSUMA'),
(86634917, 1, 'RIZKI ZANE SYAWAL MUBAROQ'),
(86642252, 6, 'SERLINA FEBRIANTI'),
(86713135, 1, 'YUSNANDO WILLDAN EKA PUTRA'),
(86773974, 8, 'ANA RISKA MAULIDHA'),
(86815139, 6, 'VANESYA ZULIA FIRNANDA EVRIL'),
(86832946, 6, 'AHMAD RIVAL FAHRUL ARRAFI'),
(86832956, 2, 'FAREN OKTA LUSIANA'),
(87194984, 5, 'AFIFA EKA FITRIANINGSIH'),
(87284471, 5, 'DAFA FIBRA ALAMSYAH'),
(87453997, 2, 'DYSTIAN ERDINATRA PRATAMA'),
(87504312, 1, 'JESICA MELANI PUTRI'),
(87595247, 3, 'HASYIM ASYARI'),
(87677201, 8, 'DAVIDIO DANIEL REFFAN'),
(87709695, 2, 'DETA SEVIANA ZAHRAH AINI'),
(87977207, 6, 'MOCH. FAQIH AZKIYA\''),
(88159132, 4, 'WIKA JAYA SATRIA'),
(88206257, 3, 'AIMAN AKMAL ALFAUZHAN'),
(88337001, 6, 'FARADINA AYU LARASATI'),
(88365793, 4, 'HABILA NURUL AISYAH'),
(88376135, 1, 'ELOK AURELIA PUTRI WAHYUDI'),
(88432164, 5, 'AGENG PANGESTU'),
(88518035, 5, 'GALIS ABDILLAH SYAHPUTRA'),
(89032494, 3, 'SIFA SAPUTRA'),
(89070700, 4, 'AMALIA PUTRI MAHARANI'),
(89112411, 7, 'NEWERADHINI PUSPITASARI'),
(89155057, 7, 'VERLITA VINDI ANGGITA'),
(89225957, 2, 'FITRI ANINGSIH'),
(89236221, 1, 'MUHAMMAD AUGAN ANGGONO'),
(89292403, 5, 'CINDY AULIA'),
(89342931, 5, 'KHURIN ALLAUDYAH'),
(89407887, 11, 'ANA SETYAWATI'),
(89554983, 3, 'JULIANA SILVIA DEWI'),
(89650130, 1, 'MUHAMMAD FAISZAL RAMADHAN'),
(89724283, 6, 'MUHAMMAD RADITHYA ALFIRENZA'),
(89807837, 5, 'DAVINA NUR\'AINI SEPTAYATIM J.'),
(89808574, 3, 'DENIS FIRDAUS'),
(89885419, 1, 'IVA FATMA MAULIDAH'),
(91078968, 4, 'DINA NOVITA SARI'),
(91361878, 2, 'YUSTINA PUTRI'),
(91949293, 4, 'LUTFIA ANGGRAINI'),
(92130411, 1, 'ANGEL SEPTIAN GRACILIA'),
(92130412, 1, 'ACHMAD FARDHAN SYAHRANI'),
(92361833, 1, 'NADINE APRITA NUR RAHMA'),
(92479586, 3, 'TASYA AYU KIRANA'),
(92640234, 4, 'SEKAR ARINI KUSUMA NINGRUM'),
(92770046, 8, 'CAHAYA RAHMADANI'),
(92781289, 2, 'ELFIANA NINDY AMALIA'),
(92858066, 1, 'BELA SINTIYA AGUSTINA'),
(93081496, 2, 'FENY ROHANI KHOIROTUN NISA'),
(93089621, 2, 'DWITA HERVANI JULIANTI'),
(93268959, 4, 'SYAVA SIFATUL KHUMAIROH'),
(93392147, 3, 'JERI BAHTIAR SUWARDANA'),
(93440092, 3, 'MUHAMMAD AFRIZAL MANDALA SAPUTRA'),
(94308141, 2, 'YASMIN APRILIA'),
(94354289, 3, 'ROYHAN MA\'ADINULMA\'ADINUL ASROR'),
(94479800, 1, 'ERLANGGA DHARMA UDAYANA '),
(94858657, 1, 'GALUH PERMATA DELIMA'),
(95089651, 3, 'JESSICA LETHIVIA SHANDOVA'),
(95169598, 2, 'WIVA SRI MULYANI'),
(96795492, 2, 'MUHAMMAD RIDHO'),
(96826163, 2, 'ALVIAN MULYA ADINATA'),
(96974198, 1, 'DHINI AGUSTIN SATYO RAMADHANI'),
(97001149, 2, 'ZUNI NUR CINTIA PUTRI'),
(97158907, 4, 'NINGRUM DWI ASIH'),
(97211770, 3, 'SUCI RETNO VINANTI'),
(97508686, 1, 'AUREL HILDA ARIFATUS SHOLIHA'),
(97654163, 4, 'BAYU CAHYA  PUTRA'),
(97725688, 4, 'PUTRI REDIZA AULIA SALSABILLA'),
(97947573, 4, 'M. FEBRIANSYAH'),
(98199964, 1, 'BARAKA ABDEE NEGARA RAHADIANIZAR'),
(98401783, 1, 'HALIMATUS SADIYAH'),
(98427595, 1, 'NAZWA ANGGI NOVITA '),
(98463429, 2, 'ELFA WINDARWATI'),
(98532332, 1, 'REFAN ARIZKI'),
(98562238, 3, 'MUHAMMAD MUCHIB FILLAH'),
(99416427, 4, 'ARYA DANI PRASETYA'),
(99480732, 2, 'MAILANI AYU SAPUTRI'),
(99628109, 4, 'AULIZA FEBRINA ISLAMI'),
(99920567, 2, 'PINKAN AVRIEL CLARA VANESSA'),
(99971722, 4, 'FAIZA AYU RAMADHANI'),
(103576814, 1, 'DITA PRATAMA NING RIZKY'),
(105846542, 2, 'ARDELIA  KHAIRUNNISA AZ ZAHRA'),
(141818064, 7, 'ROBY SABILA'),
(146143727, 7, 'FANNY MUTIARA MARETHA'),
(159225267, 3, 'YULIA CITRA'),
(3061126713, 7, 'ALVINA TSAQIF'),
(3079958577, 4, 'JAMIATUR ROHMAH'),
(3080275093, 3, 'IBNU MALIK'),
(3080491754, 2, 'AHMAD KHOIRUL ANAM'),
(3081610314, 4, 'AGUNG FIRMANSYAH'),
(3081701033, 2, 'ARIS ARDIYANSAH'),
(3083063127, 4, 'NUR AINI RISMAWATI'),
(3084066376, 2, 'FHATIMATUZ ZAHRO'),
(3084845289, 3, 'NAYLA ZAKIYAH'),
(3085253315, 3, 'DISTA AULIA RAMADANI'),
(3085484214, 4, 'NENI KURNIA WATI'),
(3086572170, 2, 'AYU KIRANA LUKMAYANTI'),
(3091380610, 3, 'HAFSAL ADITYA'),
(3093406304, 3, 'RIZKY ADITYA RAGA FIRMANU'),
(3093708401, 1, 'ANEISYACH ARUM FAJAR FIRSTIANI '),
(3098538159, 1, 'MARDATILLAH AUFIDA AKFANI'),
(3098538160, 6, 'NAYSILA DWI');

-- --------------------------------------------------------

--
-- Struktur dari tabel `users`
--

CREATE TABLE `users` (
  `id` bigint(20) UNSIGNED NOT NULL,
  `username` varchar(255) NOT NULL,
  `email` varchar(255) NOT NULL,
  `email_verified_at` timestamp NULL DEFAULT NULL,
  `password` varchar(255) NOT NULL,
  `remember_token` varchar(100) DEFAULT NULL,
  `created_at` timestamp NULL DEFAULT NULL,
  `updated_at` timestamp NULL DEFAULT NULL
) ENGINE=InnoDB DEFAULT CHARSET=utf8mb4 COLLATE=utf8mb4_unicode_ci;

--
-- Dumping data untuk tabel `users`
--

INSERT INTO `users` (`id`, `username`, `email`, `email_verified_at`, `password`, `remember_token`, `created_at`, `updated_at`) VALUES
(2, 'minuk', 'minuk@smaneba.com', NULL, '$2y$10$WOl1OnhrSBcV8235X5o6suiadKBZ1zW7JKtHjwdpnyM9X51g0F3Jq', NULL, '2024-08-19 10:37:43', '2024-08-19 10:37:43');

--
-- Indexes for dumped tables
--

--
-- Indeks untuk tabel `daftarhadir`
--
ALTER TABLE `daftarhadir`
  ADD PRIMARY KEY (`id_daftarhadir`),
  ADD KEY `daftarhadir_id_siswa_foreign` (`id_siswa`);

--
-- Indeks untuk tabel `failed_jobs`
--
ALTER TABLE `failed_jobs`
  ADD PRIMARY KEY (`id`),
  ADD UNIQUE KEY `failed_jobs_uuid_unique` (`uuid`);

--
-- Indeks untuk tabel `kelas`
--
ALTER TABLE `kelas`
  ADD PRIMARY KEY (`id_kelas`);

--
-- Indeks untuk tabel `migrations`
--
ALTER TABLE `migrations`
  ADD PRIMARY KEY (`id`);

--
-- Indeks untuk tabel `password_resets`
--
ALTER TABLE `password_resets`
  ADD KEY `password_resets_email_index` (`email`);

--
-- Indeks untuk tabel `personal_access_tokens`
--
ALTER TABLE `personal_access_tokens`
  ADD PRIMARY KEY (`id`),
  ADD UNIQUE KEY `personal_access_tokens_token_unique` (`token`),
  ADD KEY `personal_access_tokens_tokenable_type_tokenable_id_index` (`tokenable_type`,`tokenable_id`);

--
-- Indeks untuk tabel `siswa`
--
ALTER TABLE `siswa`
  ADD PRIMARY KEY (`id_siswa`),
  ADD KEY `siswa_id_kelas_foreign` (`id_kelas`);

--
-- Indeks untuk tabel `users`
--
ALTER TABLE `users`
  ADD PRIMARY KEY (`id`),
  ADD UNIQUE KEY `users_email_unique` (`email`);

--
-- AUTO_INCREMENT untuk tabel yang dibuang
--

--
-- AUTO_INCREMENT untuk tabel `daftarhadir`
--
ALTER TABLE `daftarhadir`
  MODIFY `id_daftarhadir` bigint(20) UNSIGNED NOT NULL AUTO_INCREMENT, AUTO_INCREMENT=3;

--
-- AUTO_INCREMENT untuk tabel `failed_jobs`
--
ALTER TABLE `failed_jobs`
  MODIFY `id` bigint(20) UNSIGNED NOT NULL AUTO_INCREMENT;

--
-- AUTO_INCREMENT untuk tabel `kelas`
--
ALTER TABLE `kelas`
  MODIFY `id_kelas` bigint(20) UNSIGNED NOT NULL AUTO_INCREMENT, AUTO_INCREMENT=13;

--
-- AUTO_INCREMENT untuk tabel `migrations`
--
ALTER TABLE `migrations`
  MODIFY `id` int(10) UNSIGNED NOT NULL AUTO_INCREMENT, AUTO_INCREMENT=8;

--
-- AUTO_INCREMENT untuk tabel `personal_access_tokens`
--
ALTER TABLE `personal_access_tokens`
  MODIFY `id` bigint(20) UNSIGNED NOT NULL AUTO_INCREMENT;

--
-- AUTO_INCREMENT untuk tabel `siswa`
--
ALTER TABLE `siswa`
  MODIFY `id_siswa` bigint(20) UNSIGNED NOT NULL AUTO_INCREMENT, AUTO_INCREMENT=3098538161;

--
-- AUTO_INCREMENT untuk tabel `users`
--
ALTER TABLE `users`
  MODIFY `id` bigint(20) UNSIGNED NOT NULL AUTO_INCREMENT, AUTO_INCREMENT=3;

--
-- Ketidakleluasaan untuk tabel pelimpahan (Dumped Tables)
--

--
-- Ketidakleluasaan untuk tabel `daftarhadir`
--
ALTER TABLE `daftarhadir`
  ADD CONSTRAINT `daftarhadir_id_siswa_foreign` FOREIGN KEY (`id_siswa`) REFERENCES `siswa` (`id_siswa`);

--
-- Ketidakleluasaan untuk tabel `siswa`
--
ALTER TABLE `siswa`
  ADD CONSTRAINT `siswa_id_kelas_foreign` FOREIGN KEY (`id_kelas`) REFERENCES `kelas` (`id_kelas`);
COMMIT;

/*!40101 SET CHARACTER_SET_CLIENT=@OLD_CHARACTER_SET_CLIENT */;
/*!40101 SET CHARACTER_SET_RESULTS=@OLD_CHARACTER_SET_RESULTS */;
/*!40101 SET COLLATION_CONNECTION=@OLD_COLLATION_CONNECTION */;
